{"cameraMode":{"drawMode":0,"name":"Shaded","section":"Shading Mode"},"sceneLighting":true,"audioPlay":false,"sceneViewState":{"m_AlwaysRefresh":false,"showFog":true,"showSkybox":true,"showFlares":true,"showImageEffects":true,"showParticleSystems":true,"showVisualEffectGraphs":true,"m_FxEnabled":true},"in2DMode":false,"pivot":{"x":17.576318740844728,"y":0.5397313833236694,"z":0.6887442469596863},"rotation":{"x":-0.14471745491027833,"y":0.4548143446445465,"z":-0.07518095523118973,"w":-0.8755460381507874},"size":2.640920400619507,"orthographic":false}