{"cameraMode":{"drawMode":0,"name":"Shaded","section":"Shading Mode"},"sceneLighting":false,"audioPlay":false,"sceneViewState":{"m_AlwaysRefresh":false,"showFog":true,"showSkybox":false,"showFlares":true,"showImageEffects":true,"showParticleSystems":true,"showVisualEffectGraphs":true,"m_FxEnabled":true},"in2DMode":false,"pivot":{"x":1.302645206451416,"y":0.5700479745864868,"z":-0.037967149168252948},"rotation":{"x":0.05738828703761101,"y":0.728952944278717,"z":-0.06157875061035156,"w":0.6794108152389526},"size":1.5033206939697266,"orthographic":false}